x_points,y_points
-1.0,-302.3999938964844
 1.0,302.3999938964844