action_steerAngle,steerAngle
-0.7119140625,-320.0
0.7119140625,320.0
