x_points,y_points
-1.0,-269.9999694824219
 1.0,269.9999694824219