action_steerAngle,steerAngle
-0.5341796875,-240.0
0.5341796875,240.0
